Prompt,Topic
"How has the United States' withdrawal from the Trans-Pacific Partnership reshaped the balance of economic influence between Washington and Beijing in Southeast Asia?",Trade Policy
"What explains the European Union's difficulty in developing a unified foreign policy response to Chinese economic coercion against member states?",Great Power Competition
"How do International Monetary Fund programs interact with domestic political instability in sub-Saharan African debtor states, and what does the Ghanaian debt crisis reveal about these dynamics?",Sovereign Debt
"To what extent has the Gulf Cooperation Council's economic blockade of Qatar from 2017 to 2021 demonstrated the limits of economic coercion among allied states?",Sanctions
"How has the expansion of Chinese naval basing infrastructure—from Djibouti to potential sites in Cambodia and Equatorial Guinea—altered U.S. strategic planning in the Indo-Pacific and Atlantic?",Security Alliances
"What structural factors explain the concentration of global shipping container capacity among a small number of carriers, and how has this concentration created geopolitical vulnerability?",Trade Policy
"How has the proliferation of national AI strategies among middle powers—including the UAE, Singapore, and Saudi Arabia—reshaped the geopolitics of technology governance?",Technology Competition
"What explains the persistence of the Israeli-Palestinian conflict as an unresolved sovereignty dispute despite decades of international mediation, and what does this reveal about the limits of multilateral conflict resolution?",Regional Conflicts
"How does the global liquefied natural gas market's shift toward spot pricing and short-term contracts affect the geopolitical leverage of major LNG exporters like Qatar and the United States?",Energy Geopolitics
"What are the principal legal and institutional obstacles to reforming the United Nations Security Council's permanent membership and veto structure, and are they surmountable?",Multilateral Institutions
