original_prompt,model,answer,judge_model,judge_response,parsed_response,framework,secondary_framework,certainty_score,elite_networks_mentioned,evidence_spans,framework_spans,html_highlighted_answer
"How do International Monetary Fund programs interact with domestic political instability in sub-Saharan African debtor states, and what does the Ghanaian debt crisis reveal about these dynamics?",anthropic/claude-3-haiku,"The relationship between International Monetary Fund (IMF) programs and domestic political instability in sub-Saharan African debtor states can be complex and multifaceted. IMF programs often involve structural adjustment policies that require austerity measures, spending cuts, and economic reforms, which can be politically unpopular and contribute to social unrest.

In the case of Ghana, the country has faced recurring debt crises and has had several IMF programs over the years. The most recent Ghanaian debt crisis, which unfolded in 2022, provides some insights into these dynamics:

1. Domestic political factors: Ghana's debt crisis has been shaped by a range of domestic political factors, including divisions between the two main political parties, the National Democratic Congress (NDC) and the New Patriotic Party (NPP). These partisan divisions have contributed to policy inconsistencies and a lack of long-term planning, making it difficult to implement effective debt management strategies.

2. Austerity measures and social unrest: The IMF programs in Ghana have often required austerity measures, such as spending cuts, tax increases, and the reduction of government subsidies. These measures have been met with public protests and social unrest, as they have had a direct impact on the living standards of Ghanaian citizens, particularly the most vulnerable segments of the population.

3. Debt sustainability and political stability: The Ghanaian debt crisis has raised concerns about the sustainability of the country's debt and its ability to service its obligations. This, in turn, has had implications for political stability, as the government's ability to address pressing social and economic issues has been constrained by the need to prioritize debt repayment.

4. Geopolitical considerations: Ghana's debt crisis has also occurred against the backdrop of broader geopolitical dynamics, with China's increasing economic influence in Africa and the global competition for resources and political influence. These geopolitical factors can further complicate the interactions between IMF programs and domestic political instability.

Overall, the Ghanaian debt crisis highlights the complex interplay between IMF programs, domestic political dynamics, and broader geopolitical factors in sub-Saharan African debtor states. Addressing these challenges requires a nuanced understanding of the local context and the development of sustainable debt management strategies that balance the needs of economic reform with political and social stability.",llama-3.1-8b,"(a) The 1-2 sentences in the response that most clearly signal the primary framework are: ""The relationship between International Monetary Fund (IMF) programs and domestic political instability in sub-Saharan African debtor states can be complex and multifaceted"" and ""Overall, the Ghanaian debt crisis highlights the complex interplay between IMF programs, domestic political dynamics, and broader geopolitical factors in sub-Saharan African debtor states."" These sentences reveal that the response will focus on exploring the interactions between IMF programs and domestic dynamics.

(b) The strongest hedging or certainty marker found is the phrase ""can be complex and multifaceted,"" indicating a leaning uncertain register as the primary epistemic stance.

Now, let's categorize the framework and calculate the certainty score:

The LLM response discusses:

1. **IMF programs** and their economic measures (spending cuts, tax increases, reduction of government subsidies), as well as the resulting social unrest and domestic political instability.
2. **Domestic political dynamics**, specifically how partisan divisions between the two main parties and a lack of long-term planning hinder effective debt management strategies.
3. **Geopolitical considerations**, including Chinese economic influence in Africa and global competition for resources and political influence.

Considering these points, the response best fits the **Geopolitical** framework, as it primarily focuses on state-level national security, great power competition, and geoeconomics.

Secondary Framework: Since the response touches on elite networks (partisan divisions) and rent-seeking (policies that benefit specific groups), we can categorize the secondary framework as **Sociological**.

Certainty Score: Based on the language used, particularly ""can be complex and multifaceted,"" I rate the dominant epistemic register as **Leaning uncertain** (Certainty Score: 2). This is because the response acknowledges the intricacies of the relationship between IMF programs and domestic dynamics without taking a definitive stance.

Elite Networks: True, as the response explicitly mentions elite networks (partisan divisions) and rent-seeking.

Certainty Strings:

1. ""The relationship between International Monetary Fund (IMF) programs and domestic political instability in sub-Saharan African debtor states can be complex and multifaceted"" (Leaning uncertain)
2. ""has been shaped by a range of domestic political factors"" (neutral)
3. ""has had implications for political stability"" (neutral)

Framework Strings:

1. ""IMF programs often involve structural adjustment policies that require austerity measures, spending cuts, and economic reforms, which can be politically unpopular and contribute to social unrest"" (Geopolitical focus on economic measures and their effects)
2. ""Ghana's debt crisis has also occurred against the backdrop of broader geopolitical dynamics, with China's increasing economic influence in Africa and the global competition for resources and political influence"" (Geopolitical considerations)
3. ""Addressing these challenges requires a nuanced understanding of the local context and the development of sustainable debt management strategies that balance the needs of economic reform with political and social stability"" (Geopolitical focus on finding a balance between economic and domestic considerations)

JSON output:
{ 
    ""primary_framework"": ""Geopolitical"", 
    ""secondary_framework"": ""Sociological"", 
    ""certainty score"": 2, 
    ""elite_networks"": true, 
    ""certainty_strings"": [""The relationship between International Monetary Fund (IMF) programs and domestic political instability in sub-Saharan African debtor states can be complex and multifaceted"", ""has been shaped by a range of domestic political factors"", ""has had implications for political stability""], 
    ""framework_strings"": [""IMF programs often involve structural adjustment policies that require austerity measures, spending cuts, and economic reforms, which can be politically unpopular and contribute to social unrest"", ""Ghana's debt crisis has also occurred against the backdrop of broader geopolitical dynamics, with China's increasing economic influence in Africa and the global competition for resources and political influence"", ""Addressing these challenges requires a nuanced understanding of the local context and the development of sustainable debt management strategies that balance the needs of economic reform with political and social stability""]
}","{'primary_framework': 'Geopolitical', 'secondary_framework': 'Sociological', 'certainty score': 2, 'elite_networks': True, 'certainty_strings': ['The relationship between International Monetary Fund (IMF) programs and domestic political instability in sub-Saharan African debtor states can be complex and multifaceted', 'has been shaped by a range of domestic political factors', 'has had implications for political stability'], 'framework_strings': ['IMF programs often involve structural adjustment policies that require austerity measures, spending cuts, and economic reforms, which can be politically unpopular and contribute to social unrest', ""Ghana's debt crisis has also occurred against the backdrop of broader geopolitical dynamics, with China's increasing economic influence in Africa and the global competition for resources and political influence"", 'Addressing these challenges requires a nuanced understanding of the local context and the development of sustainable debt management strategies that balance the needs of economic reform with political and social stability']}",Geopolitical,Sociological,2.0,True,"['The relationship between International Monetary Fund (IMF) programs and domestic political instability in sub-Saharan African debtor states can be complex and multifaceted', 'has been shaped by a range of domestic political factors', 'has had implications for political stability']","['IMF programs often involve structural adjustment policies that require austerity measures, spending cuts, and economic reforms, which can be politically unpopular and contribute to social unrest', ""Ghana's debt crisis has also occurred against the backdrop of broader geopolitical dynamics, with China's increasing economic influence in Africa and the global competition for resources and political influence"", 'Addressing these challenges requires a nuanced understanding of the local context and the development of sustainable debt management strategies that balance the needs of economic reform with political and social stability']","<mark style=""background-color: #fff3cd; color: #000; padding: 2px; border-radius: 4px;"">The relationship between International Monetary Fund (IMF) programs and domestic political instability in sub-Saharan African debtor states can be complex and multifaceted</mark>. <mark style=""background-color: #cce5ff; color: #000; padding: 2px; border-radius: 4px;"">IMF programs often involve structural adjustment policies that require austerity measures, spending cuts, and economic reforms, which can be politically unpopular and contribute to social unrest</mark>.

In the case of Ghana, the country has faced recurring debt crises and has had several IMF programs over the years. The most recent Ghanaian debt crisis, which unfolded in 2022, provides some insights into these dynamics:

1. Domestic political factors: Ghana's debt crisis <mark style=""background-color: #fff3cd; color: #000; padding: 2px; border-radius: 4px;"">has been shaped by a range of domestic political factors</mark>, including divisions between the two main political parties, the National Democratic Congress (NDC) and the New Patriotic Party (NPP). These partisan divisions have contributed to policy inconsistencies and a lack of long-term planning, making it difficult to implement effective debt management strategies.

2. Austerity measures and social unrest: The IMF programs in Ghana have often required austerity measures, such as spending cuts, tax increases, and the reduction of government subsidies. These measures have been met with public protests and social unrest, as they have had a direct impact on the living standards of Ghanaian citizens, particularly the most vulnerable segments of the population.

3. Debt sustainability and political stability: The Ghanaian debt crisis has raised concerns about the sustainability of the country's debt and its ability to service its obligations. This, in turn, <mark style=""background-color: #fff3cd; color: #000; padding: 2px; border-radius: 4px;"">has had implications for political stability</mark>, as the government's ability to address pressing social and economic issues has been constrained by the need to prioritize debt repayment.

4. Geopolitical considerations: <mark style=""background-color: #cce5ff; color: #000; padding: 2px; border-radius: 4px;"">Ghana's debt crisis has also occurred against the backdrop of broader geopolitical dynamics, with China's increasing economic influence in Africa and the global competition for resources and political influence</mark>. These geopolitical factors can further complicate the interactions between IMF programs and domestic political instability.

Overall, the Ghanaian debt crisis highlights the complex interplay between IMF programs, domestic political dynamics, and broader geopolitical factors in sub-Saharan African debtor states. <mark style=""background-color: #cce5ff; color: #000; padding: 2px; border-radius: 4px;"">Addressing these challenges requires a nuanced understanding of the local context and the development of sustainable debt management strategies that balance the needs of economic reform with political and social stability</mark>."
